{"cameraMode":{"drawMode":0,"name":"Shaded","section":"Shading Mode"},"sceneLighting":false,"audioPlay":false,"sceneViewState":{"m_AlwaysRefresh":false,"showFog":true,"showSkybox":false,"showFlares":true,"showImageEffects":true,"showParticleSystems":true,"showVisualEffectGraphs":true,"m_FxEnabled":true},"in2DMode":false,"pivot":{"x":0.20616579055786134,"y":6.97891902923584,"z":1.1224687099456788},"rotation":{"x":-0.12208514660596848,"y":-0.7145940065383911,"z":0.12892772257328034,"w":-0.6766721606254578},"size":1.9875808954238892,"orthographic":false}