{"cameraMode":{"drawMode":0,"name":"Shaded","section":"Shading Mode"},"sceneLighting":false,"audioPlay":false,"sceneViewState":{"m_AlwaysRefresh":false,"showFog":true,"showSkybox":false,"showFlares":true,"showImageEffects":true,"showParticleSystems":true,"showVisualEffectGraphs":true,"m_FxEnabled":true},"in2DMode":false,"pivot":{"x":-2.5891199111938478,"y":5.652032852172852,"z":24.644126892089845},"rotation":{"x":0.04466884955763817,"y":-0.7239079475402832,"z":0.04689091071486473,"w":0.6868462562561035},"size":1.1513301134109498,"orthographic":false}