{"cameraMode":{"drawMode":0,"name":"Shaded","section":"Shading Mode"},"sceneLighting":false,"audioPlay":false,"sceneViewState":{"m_AlwaysRefresh":false,"showFog":true,"showSkybox":false,"showFlares":true,"showImageEffects":true,"showParticleSystems":true,"showVisualEffectGraphs":true,"m_FxEnabled":true},"in2DMode":false,"pivot":{"x":0.3450636863708496,"y":0.12527012825012208,"z":-1.3140559196472169},"rotation":{"x":0.29874464869499209,"y":0.5178658962249756,"z":-0.20379967987537385,"w":0.7775974273681641},"size":1.603346824645996,"orthographic":false}