{"cameraMode":{"drawMode":0,"name":"Shaded","section":"Shading Mode"},"sceneLighting":false,"audioPlay":false,"sceneViewState":{"m_AlwaysRefresh":false,"showFog":true,"showSkybox":false,"showFlares":true,"showImageEffects":true,"showParticleSystems":true,"showVisualEffectGraphs":true,"m_FxEnabled":true},"in2DMode":false,"pivot":{"x":-25.835933685302736,"y":5.036789894104004,"z":26.253698348999025},"rotation":{"x":0.11646126210689545,"y":-0.8658883571624756,"z":0.23707355558872224,"w":0.42481184005737307},"size":1.1817419528961182,"orthographic":false}