{"cameraMode":{"drawMode":0,"name":"Shaded","section":"Shading Mode"},"sceneLighting":true,"audioPlay":false,"sceneViewState":{"m_AlwaysRefresh":false,"showFog":true,"showSkybox":true,"showFlares":true,"showImageEffects":true,"showParticleSystems":true,"showVisualEffectGraphs":true,"m_FxEnabled":true},"in2DMode":false,"pivot":{"x":-93.2232894897461,"y":64.53512573242188,"z":118.35743713378906},"rotation":{"x":0.38775864243507388,"y":0.11376222223043442,"z":-0.04910305142402649,"w":0.9153504371643066},"size":1.2637298107147217,"orthographic":false}