{"cameraMode":{"drawMode":0,"name":"Shaded","section":"Shading Mode"},"sceneLighting":true,"audioPlay":false,"sceneViewState":{"m_AlwaysRefresh":false,"showFog":true,"showSkybox":true,"showFlares":true,"showImageEffects":true,"showParticleSystems":true,"showVisualEffectGraphs":true,"m_FxEnabled":true},"in2DMode":false,"pivot":{"x":20.39061164855957,"y":6.239333629608154,"z":-10.653547286987305},"rotation":{"x":0.005050980020314455,"y":0.736156165599823,"z":0.014511496759951115,"w":-0.676948070526123},"size":13.263172149658204,"orthographic":false}